{
    "tier": {
        "A": {
            "total": 22,
            "survived": 7,
            "percentage": 0.3181818181818182
        },
        "B": {
            "total": 96,
            "survived": 26,
            "percentage": 0.2708333333333333
        },
        "C": {
            "total": 114,
            "survived": 34,
            "percentage": 0.2982456140350877
        },
        "D": {
            "total": 48,
            "survived": 12,
            "percentage": 0.25
        },
        "E": {
            "total": 45,
            "survived": 15,
            "percentage": 0.3333333333333333
        },
        "F": {
            "total": 21,
            "survived": 4,
            "percentage": 0.19047619047619047
        },
        "G": {
            "total": 9,
            "survived": 1,
            "percentage": 0.1111111111111111
        }
    },
    "gender": {
        "male": {
            "total": 838,
            "survived": 138,
            "percentage": 0.16467780429594273
        },
        "female": {
            "total": 471,
            "survived": 229,
            "percentage": 0.4861995753715499
        }
    },
    "age": {
        "child": {
            "total": 134,
            "survived": 52,
            "percentage": 0.3880597014925373
        },
        "teenager": {
            "total": 151,
            "survived": 42,
            "percentage": 0.2781456953642384
        },
        "young adult": {
            "total": 566,
            "survived": 153,
            "percentage": 0.2703180212014134
        },
        "adult": {
            "total": 449,
            "survived": 117,
            "percentage": 0.26057906458797325
        },
        "senior": {
            "total": 9,
            "survived": 3,
            "percentage": 0.3333333333333333
        }
    },
    "isAlone": {
        "true": {
            "total": 574,
            "survived": 158,
            "percentage": 0.27526132404181186
        },
        "false": {
            "total": 735,
            "survived": 209,
            "percentage": 0.28435374149659864
        }
    },
    "class": {
        "1": {
            "total": 334,
            "survived": 140,
            "percentage": 0.41916167664670656
        },
        "2": {
            "total": 257,
            "survived": 62,
            "percentage": 0.24124513618677043
        },
        "3": {
            "total": 718,
            "survived": 165,
            "percentage": 0.2298050139275766
        }
    },
    "port": {
        "Q": {
            "total": 123,
            "survived": 35,
            "percentage": 0.2845528455284553
        },
        "S": {
            "total": 914,
            "survived": 259,
            "percentage": 0.2833698030634573
        },
        "C": {
            "total": 270,
            "survived": 71,
            "percentage": 0.26296296296296295
        }
    }
}